Mar 17 2021			
Jan 27 2021			
Dec 16 2020			
Nov 5 2020			
Sep 16 2020			
Jul 29 2020			
Jun 10 2020			
Apr 29 2020			
Mar 15 2020			
Mar 3 2020			
Jan 29 2020			
Dec 11 2019			
Oct 30 2019			
Sep 18 2019			
Jul 31 2019			
Jun 19 2019			
May 1 2019			
Mar 20 2019			
Jan 30 2019			
Dec 19 2018			
Nov 8 2018			
Sep 26 2018			
Aug 1 2018			
Jun 13 2018			
May 2 2018			
Mar 21 2018			
Jan 31 2018			
Dec 13 2017			
Nov 1 2017			
Sep 20 2017			
Jul 26 2017			
Jun 14 2017			
May 3 2017			
Mar 15 2017			
Feb 1 2017			
Dec 14 2016			
Nov 2 2016			
Sep 21 2016			
Jul 27 2016			
Jun 15 2016			
Apr 27 2016			
Mar 16 2016			
Jan 27 2016			
Dec 16 2015			
Oct 28 2015			
Sep 17 2015			
Jul 29 2015			
Jun 17 2015			
Apr 29 2015			
Mar 18 2015			
Jan 28 2015			
Dec 17 2014			
Oct 29 2014			
Sep 17 2014			
Jul 30 2014			
Jun 18 2014			
Apr 30 2014			
Mar 19 2014			
Jan 29 2014			
Dec 18 2013			
Oct 30 2013			
Sep 18 2013			
Jul 31 2013			
Jun 19 2013			
May 1 2013			
Mar 20 2013			
Jan 30 2013			
Dec 12 2012			
Oct 24 2012			
Sep 13 2012			
Aug 1 2012			
Jun 20 2012			
Apr 25 2012			
Mar 13 2012			
Jan 25 2012			
Dec 13 2011			
Nov 2 2011			
Sep 21 2011			
Aug 9 2011			
Jun 22 2011			
Apr 27 2011			
Mar 15 2011			
Jan 26 2011			
Dec 14 2010			
Nov 3 2010			
Sep 21 2010			
Aug 10 2010			
Jun 23 2010			
Apr 28 2010			
Mar 16 2010			
Jan 27 2010			
Dec 16 2009			
Nov 4 2009			
Sep 23 2009			
Aug 12 2009			
Jun 24 2009			
Apr 29 2009			
Mar 18 2009			
Jan 28 2009			
Dec 16 2008			
Oct 29 2008			
Oct 8 2008			
Sep 16 2008			
Aug 5 2008			
Jun 25 2008			
Apr 30 2008			
Mar 18 2008			
Jan 30 2008			
Jan 22 2008			
Dec 11 2007			
Oct 31 2007			
Sep 18 2007			
Aug 7 2007			
Jun 28 2007			
May 9 2007			
Mar 21 2007			
Jan 31 2007